row,column,cor,p
Otu000072,Otu000126,0.8155629555990805,0
Otu000061,Otu000138,0.9145132922081153,0
Otu000061,Otu000139,0.8713513429974635,0
Otu000138,Otu000139,0.8415701259794015,0
Otu000061,Otu000409,0.8353816147081787,0
Otu000191,Otu000409,0.8055113022111585,0
Otu000191,Otu000695,0.8769307907605628,0
Otu000222,Otu000695,0.8514432349383806,0
